{"loss": [0.06099633127450943, 0.02095954492688179, 0.015680192038416862, 0.011985587887465954, 0.010423489846289158, 0.00952080450952053, 0.008955975994467735, 0.008431386202573776, 0.007923674769699574, 0.007520779967308044, 0.007171334698796272, 0.006853749509900808, 0.006609414704144001, 0.006424866616725922, 0.006289904937148094, 0.006177433300763369, 0.00608608964830637, 0.006012993399053812, 0.005943304859101772, 0.005872537847608328, 0.00580943375825882, 0.005754804238677025, 0.005707333795726299, 0.0056523424573242664, 0.005608550272881985, 0.005564636550843716, 0.005521383136510849, 0.005479909013956785, 0.005444026552140713, 0.0054053012281656265, 0.005372266285121441, 0.005337046924978495, 0.005307795014232397], "val_loss": [0.018553778529167175, 0.01518249325454235, 0.011313636787235737, 0.009810071438550949, 0.008932740427553654, 0.008213245309889317, 0.00803819578140974, 0.007380897644907236, 0.006890829652547836, 0.006739930249750614, 0.006492143962532282, 0.006124644074589014, 0.0060247741639614105, 0.005912784021347761, 0.005922267213463783, 0.005658999551087618, 0.005936464760452509, 0.005700570065528154, 0.005595807451754808, 0.005550071597099304, 0.0055511449463665485, 0.005501355044543743, 0.005364842247217894, 0.005305708386003971, 0.005363266449421644, 0.0055510117672383785, 0.00535312294960022, 0.0054206508211791515, 0.0053210691548883915, 0.005295879673212767, 0.005344754084944725, 0.005394119769334793, 0.005273148417472839]}