{"loss": [0.06687263399362564, 0.023440299555659294, 0.017240678891539574, 0.014892736449837685, 0.01187289971858263, 0.010269767604768276, 0.00923953764140606, 0.0085673276335001, 0.007915149442851543, 0.007374993525445461, 0.006967454683035612, 0.006669419817626476, 0.006451331544667482, 0.006293129175901413, 0.006150285247713327, 0.006035530008375645, 0.005928125232458115, 0.005830109119415283, 0.005746206734329462, 0.005667104851454496, 0.005596306640654802, 0.005546563304960728, 0.005489081609994173, 0.005449272692203522, 0.005398816429078579, 0.0053598652593791485, 0.005314364098012447, 0.005276028532534838], "val_loss": [0.02419779635965824, 0.016533881425857544, 0.014046171680092812, 0.011933093890547752, 0.009975367225706577, 0.008813824504613876, 0.008321362547576427, 0.007672310806810856, 0.007217328064143658, 0.006882448215037584, 0.0067600831389427185, 0.0064385938458144665, 0.006368785630911589, 0.0060420772060751915, 0.006166965700685978, 0.006162684876471758, 0.006010204087942839, 0.005911025684326887, 0.00610905047506094, 0.005996529012918472, 0.0059659769758582115, 0.005874955095350742, 0.005832412745803595, 0.005894102621823549, 0.005926104262471199, 0.005842582788318396, 0.005877822637557983, 0.005902843549847603]}