{"loss": [0.07157624512910843, 0.022096222266554832, 0.015562126412987709, 0.012588556855916977, 0.011209613643586636, 0.010294108651578426, 0.009396188892424107, 0.008893557824194431, 0.008622569963335991, 0.008408261463046074, 0.008214537985622883, 0.00801672413945198, 0.007842794992029667, 0.007675682660192251, 0.007526692934334278, 0.007387777790427208, 0.0072498139925301075, 0.007108601741492748, 0.006927696522325277, 0.00675043324008584, 0.0066048139706254005, 0.0064910175278782845, 0.00640088552609086, 0.0063308002427220345, 0.006263424642384052, 0.006193813402205706, 0.006134982220828533, 0.006080979015678167, 0.006028347183018923, 0.005983796902000904, 0.0059363944455981255, 0.005890790838748217, 0.005856878124177456, 0.0058116614818573, 0.005778821185231209, 0.0057482486590743065, 0.005713808815926313, 0.005678088869899511, 0.005649062804877758, 0.005618573632091284, 0.005581165198236704, 0.005561124999076128, 0.005533538293093443, 0.005502680316567421, 0.005478737410157919, 0.005448962561786175, 0.005423662252724171, 0.005398420616984367, 0.005373743828386068], "val_loss": [0.01994374394416809, 0.014984427951276302, 0.011966835707426071, 0.010334226302802563, 0.00983057077974081, 0.008911076933145523, 0.008221104741096497, 0.008017243817448616, 0.00803836528211832, 0.007793410215526819, 0.00772408302873373, 0.007467089220881462, 0.007450757082551718, 0.00720797898247838, 0.007171817123889923, 0.007104257121682167, 0.006928447633981705, 0.006730943918228149, 0.0067765191197395325, 0.0065391878597438335, 0.006395932286977768, 0.006175182294100523, 0.006286545190960169, 0.006312819197773933, 0.0061801099218428135, 0.00601775711402297, 0.005959316622465849, 0.0059993574395775795, 0.005842067301273346, 0.005879993084818125, 0.0058571030385792255, 0.005893609020859003, 0.005923297721892595, 0.0057752239517867565, 0.0058702570386230946, 0.00576059753075242, 0.005756264552474022, 0.005795096047222614, 0.005648893769830465, 0.005743562709540129, 0.0056946007534861565, 0.005676334723830223, 0.0056703537702560425, 0.005568678956478834, 0.0056038545444607735, 0.005684323608875275, 0.005609642248600721, 0.005561305675655603, 0.0056771812960505486]}