{"1": {"max": 50.53077, "min": 33.9}, "2": {"max": 58.90667, "min": 40.71363}, "3": {"max": 56.13334, "min": 40.0875}, "7": {"max": 52.0875, "min": 37.21333}, "8": {"max": 90.15455, "min": 36.87273}, "9": {"max": 83.26, "min": 35.3375}, "11": {"max": 63.61854, "min": 46.52641}, "13": {"max": 76.21937, "min": 55.67881}, "15": {"max": 12602.81, "min": 11640.58}, "16": {"max": 48.04593, "min": 33.34123}, "18": {"max": 40.23692, "min": 31.2801}, "19": {"max": 64.32967, "min": 37.80785}, "20": {"max": 71.40314, "min": 38.61987}, "21": {"max": 113.4782, "min": 48.95388}, "24": {"max": 66.64359, "min": 38.58817}, "25": {"max": 223.383, "min": 218.5}, "26": {"max": 50.61962, "min": 39.89804}, "27": {"max": 32.49673, "min": 21.66844}, "28": {"max": 12.74882, "min": 3.595441}, "29": {"max": 36.6186, "min": 25.63472}, "30": {"max": 10.75976, "min": -10.38272}, "31": {"max": 39.22382, "min": 32.56476}, "32": {"max": 39.49928, "min": 34.33158}, "33": {"max": 3.806667, "min": -0.1627885}, "34": {"max": 2.595227, "min": -0.05}, "35": {"max": 1.945, "min": -0.04982456}, "36": {"max": 1.529839, "min": -0.3308547}, "37": {"max": 227.5838, "min": 218.8064}, "38": {"max": 228.2174, "min": 219.2697}, "39": {"max": 227.981, "min": 218.7173}, "42": {"max": 13.23407, "min": 9.226073}, "43": {"max": 75.67496, "min": 51.67985}, "44": {"max": 80.98813, "min": 57.33105}, "45": {"max": 77.02955, "min": 54.81358}, "46": {"max": 6005.323, "min": 5994.381}, "47": {"max": 12602.81, "min": 11640.58}, "49": {"max": 7.843194, "min": 1.054719}, "51": {"max": 0.4054118, "min": 0.16513}, "52": {"max": 5.785714, "min": 1.0}, "53": {"max": 3022.165, "min": 433.2065}}