{"1": {"max": 50.42857, "min": 33.9}, "2": {"max": 58.90667, "min": 41.15}, "3": {"max": 55.925, "min": 40.0875}, "7": {"max": 51.95238, "min": 37.505}, "8": {"max": 90.15455, "min": 38.87333}, "9": {"max": 82.92, "min": 35.68846}, "11": {"max": 63.61854, "min": 46.67127}, "13": {"max": 76.16138, "min": 57.05163}, "15": {"max": 12602.81, "min": 11640.58}, "16": {"max": 48.04593, "min": 33.34123}, "18": {"max": 40.23692, "min": 31.45105}, "19": {"max": 64.32967, "min": 37.80785}, "20": {"max": 71.31439, "min": 38.61987}, "21": {"max": 112.5578, "min": 52.19067}, "24": {"max": 66.57313, "min": 38.89876}, "25": {"max": 223.4194, "min": 218.5}, "26": {"max": 50.61962, "min": 40.05845}, "27": {"max": 32.49673, "min": 21.66844}, "28": {"max": 12.74882, "min": 3.595441}, "29": {"max": 36.5754, "min": 25.63472}, "30": {"max": 10.33566, "min": -10.38272}, "31": {"max": 39.22382, "min": 32.7083}, "32": {"max": 39.49928, "min": 34.46581}, "33": {"max": 3.031593, "min": -0.1627885}, "34": {"max": 2.595227, "min": -0.05}, "35": {"max": 1.844965, "min": -0.04982456}, "36": {"max": 1.436517, "min": -0.3308547}, "37": {"max": 227.6093, "min": 219.0703}, "38": {"max": 228.2174, "min": 219.4953}, "39": {"max": 227.922, "min": 218.9095}, "42": {"max": 13.23407, "min": 9.226826}, "43": {"max": 75.44151, "min": 52.12048}, "44": {"max": 80.64088, "min": 57.52879}, "45": {"max": 76.76556, "min": 55.01264}, "46": {"max": 6005.306, "min": 5994.4}, "47": {"max": 12602.81, "min": 11640.58}, "49": {"max": 7.807438, "min": 1.054719}, "51": {"max": 0.4054118, "min": 0.16513}, "52": {"max": 5.658536, "min": 1.0}, "53": {"max": 3022.165, "min": 468.2933}}