{"1": {"max": 50.23333, "min": 33.9}, "2": {"max": 58.90667, "min": 40.71363}, "3": {"max": 56.13334, "min": 40.0875}, "7": {"max": 52.0875, "min": 37.21333}, "8": {"max": 90.15455, "min": 36.87273}, "9": {"max": 81.68889, "min": 35.3375}, "11": {"max": 63.61854, "min": 46.35292}, "13": {"max": 76.16138, "min": 55.67881}, "15": {"max": 12602.81, "min": 11640.58}, "16": {"max": 48.04593, "min": 33.05759}, "18": {"max": 40.23692, "min": 31.11134}, "19": {"max": 64.32967, "min": 37.80785}, "20": {"max": 71.66978, "min": 37.81734}, "21": {"max": 113.4782, "min": 48.95388}, "24": {"max": 66.85753, "min": 38.89876}, "25": {"max": 223.5203, "min": 217.6667}, "26": {"max": 50.61962, "min": 39.77846}, "27": {"max": 32.91159, "min": 21.53233}, "28": {"max": 12.74882, "min": 3.595441}, "29": {"max": 36.94747, "min": 25.63472}, "30": {"max": 10.43302, "min": -10.59859}, "31": {"max": 39.22382, "min": 32.06907}, "32": {"max": 39.49928, "min": 34.15105}, "33": {"max": 3.806667, "min": -0.173913}, "34": {"max": 2.595227, "min": -0.05}, "35": {"max": 1.983125, "min": -0.05290598}, "36": {"max": 1.54956, "min": -0.3734021}, "37": {"max": 227.7189, "min": 219.0629}, "38": {"max": 228.3252, "min": 219.5428}, "39": {"max": 228.0639, "min": 218.9095}, "42": {"max": 13.23407, "min": 9.227079}, "43": {"max": 75.44151, "min": 51.67985}, "44": {"max": 80.64088, "min": 57.0429}, "45": {"max": 76.76556, "min": 54.68032}, "46": {"max": 6005.392, "min": 5994.248}, "47": {"max": 12602.81, "min": 11640.58}, "49": {"max": 8.019179, "min": 1.054719}, "51": {"max": 0.437777, "min": 0.1683375}, "52": {"max": 5.487805, "min": 1.0}, "53": {"max": 3022.165, "min": 411.6457}}